Country,Total investment,"Inflation, average consumer prices","Inflation, end of period consumer prices",Six-month London interbank offered rate (LIBOR),Volume of imports of goods and services,Volume of Imports of goods,Volume of exports of goods and services,Volume of exports of goods,Unemployment rate,Employment,Population,General government revenue,General government total expenditure,General government net lending/borrowing,General government structural balance,General government primary net lending/borrowing,General government net debt,General government gross debt,Current account balance,"Gross domestic product, constant prices"
Afghanistan,18.192,114.264,116.300,,-7.862,-5.758,-5.116,0.068,,,37.209,395.923,411.473,-15.550,,-14.971,,90.092,2.209,"1,319.902"
Albania,22.752,106.878,107.103,,4.721,3.461,1.699,-8.454,11.500,,2.870,460.314,493.165,-32.851,,2.291,"1,000.201","1,137.099",-1.166,839.449
Algeria,42.658,206.200,207.900,,-0.027,1.758,-3.636,-5.125,11.383,,43.424,"6,586.500","7,725.477","-1,138.977",,"-1,263.335","6,167.007","9,349.221",-17.112,"7,527.523"
Angola,19.786,352.664,381.299,,-11.289,-7.894,0.227,0.496,,,30.128,"6,529.102","6,270.786",258.316,365.929,"1,961.720",,"35,626.289",5.132,"1,553.430"
Antigua and Barbuda,33.239,101.083,101.640,,-1.191,-5.149,8.048,8.555,,,0.097,0.849,1.031,-0.181,,-0.056,,3.790,-0.108,3.619
Argentina,17.395,436.015,530.979,,-21.107,-20.846,12.155,12.402,9.825,,44.939,"7,261.830","8,220.032",-958.202,-808.481,-87.627,,"19,384.510",-3.995,692.977
Armenia,17.448,290.543,291.961,,9.479,11.902,13.853,10.810,18.900,,2.969,"1,565.489","1,629.437",-63.948,,93.605,,"3,280.926",-1.118,"4,100.906"
Aruba,,125.654,128.327,,,,,,7.544,,0.112,1.420,1.400,0.020,,0.250,,4.203,0.060,3.463
Australia,22.746,115.150,116.100,,-0.932,-1.194,3.461,1.922,5.158,12.859,25.522,689.277,766.937,-77.660,-72.267,-62.026,551.102,923.036,8.267,"1,906.083"
Austria,25.343,129.994,130.332,,2.587,1.484,2.802,1.872,4.500,4.379,8.859,195.111,192.182,2.929,-3.272,7.092,190.517,280.426,11.710,374.761
Azerbaijan,20.345,256.115,259.796,,-0.544,2.891,2.368,5.489,4.848,,9.982,33.915,27.300,6.615,,7.258,,14.460,4.365,29.831
The Bahamas,23.605,106.809,107.911,,-5.352,-10.697,3.245,0.942,10.653,,0.381,2.426,2.646,-0.219,,0.109,,7.881,0.084,11.527
Bahrain,32.813,99.904,99.819,,-7.970,-9.999,1.319,2.978,4.000,,1.484,3.262,4.802,-1.539,,-0.895,,14.992,-0.794,12.905
Bangladesh,31.570,267.573,293.271,,4.170,1.901,13.946,8.588,,,166.586,"2,477.735","3,840.976","-1,363.241",,-841.093,,"9,106.882",-5.102,"11,057.936"
Barbados,15.517,191.683,199.600,,6.204,3.920,7.810,0.942,10.357,,0.287,3.156,2.772,0.385,0.385,0.634,12.263,12.380,-0.162,9.242
Belarus,28.979,823.751,837.207,,4.923,4.326,-0.011,-0.371,0.295,,9.475,51.757,50.932,0.826,0.443,3.167,,55.239,-1.166,80.864
Belgium,25.252,107.766,108.380,,-1.119,-1.119,-0.671,-0.671,5.358,4.977,11.456,238.268,247.297,-9.029,-10.039,-0.969,406.005,467.160,-6.508,443.465
Belize,14.361,136.251,135.555,,6.476,5.392,5.246,2.226,9.000,,0.408,1.165,1.311,-0.146,,-0.018,,3.861,-0.177,2.758
Benin,25.630,101.089,101.457,,-7.226,-12.538,-4.384,-11.023,,,11.814,"1,185.703","1,231.202",-45.499,,89.126,,"3,476.585",-0.624,"8,383.268"
Bhutan,46.683,239.228,239.053,,-7.885,-7.775,-16.790,-11.424,,,0.745,42.033,44.054,-2.020,,-0.411,,184.175,-0.562,69.567
Bolivia,19.875,103.447,103.884,,-0.117,-0.117,2.926,2.926,4.000,,11.550,81.512,101.919,-20.407,,-16.524,135.691,166.726,-1.362,49.257
Bosnia and Herzegovina,20.466,101.240,105.820,,1.266,0.738,-1.015,-2.968,15.700,,3.301,14.787,14.261,0.525,0.456,0.794,7.294,11.380,-0.707,32.404
Botswana,33.153,340.440,332.625,,6.661,8.230,-16.620,-18.942,,,2.377,51.963,64.076,-12.113,-12.920,-21.357,7.487,29.084,-1.404,99.396
Brazil,15.113,"34,353,857,264,335.900","35,056,455,684,887.900",,3.508,4.062,-1.592,-1.932,11.925,,210.147,"2,310.904","2,747.331",-436.427,-394.998,-69.145,"4,041.769","6,492.836",-50.927,"1,197.657"
Brunei Darussalam,38.678,98.981,99.389,,13.766,16.371,14.881,15.301,6.822,,0.460,4.187,5.494,-1.307,,-1.307,,0.473,0.895,19.099
Bulgaria,19.490,104.994,106.410,,2.418,3.513,1.938,2.573,4.200,,6.951,42.014,43.163,-1.149,0.952,-0.980,9.658,22.044,2.745,102.287
Burkina Faso,25.934,106.938,106.488,,-0.343,0.514,-2.922,-2.327,,,20.326,"1,881.970","2,201.944",-319.974,,-202.905,,"3,936.780",-0.751,"8,883.249"
Burundi,19.286,128.879,133.083,,21.339,19.528,5.098,-3.313,,,11.529,"1,250.655","1,724.791",-474.136,,-445.386,,"3,293.713",-0.556,"1,799.550"
Cabo Verde,43.014,101.107,102.293,,-4.448,-4.681,10.030,-1.202,8.500,,0.550,57.392,60.974,-3.582,,1.281,225.930,243.964,0.006,168.265
Cambodia,23.900,177.428,179.950,,17.773,19.530,13.833,15.000,,,16.494,"28,476.801","24,988.263","3,488.538",,"3,855.097",,"31,059.136",-4.232,"56,606.713"
Cameroon,30.132,255.118,258.365,,22.781,24.798,-2.231,-1.427,,,25.506,"3,584.484","4,338.446",-753.963,,-522.360,"9,199.236","9,715.422",-1.693,"16,890.920"
Canada,22.704,135.983,136.933,,0.544,0.660,1.290,0.907,5.667,19.050,37.527,940.344,948.324,-7.980,-14.219,-4.262,595.802,"2,041.671",-35.428,"2,092.200"
Central African Republic,14.668,209.214,207.306,,9.353,11.282,-1.781,-6.685,,,4.745,244.754,225.746,19.008,,23.619,,629.360,-0.112,762.880
Chad,23.340,105.283,105.400,,3.995,5.643,9.571,9.625,,,15.947,912.847,923.869,-11.022,,52.696,,"2,837.132",-0.533,"5,426.035"
Chile,22.729,102.253,103.864,,-2.315,-2.661,-2.293,-2.312,7.223,,19.107,"46,054.762","51,309.835","-5,255.073","-3,346.394","-4,567.578","15,628.972","55,393.169",-10.853,"155,248.901"
China,43.081,108.843,111.386,,-0.936,0.184,2.599,0.239,3.620,,"1,400.050","27,519.459","33,799.543","-6,280.084","-5,942.089","-5,435.831",,"52,362.118",141.335,"89,583.407"
Colombia,22.286,102.558,104.460,,8.101,2.077,2.571,0.299,10.517,,50.374,"311,629.082","338,245.551","-26,616.469","-20,722.340",-425.277,"464,903.681","555,126.792",-13.740,"881,429.000"
Comoros,16.870,175.726,182.520,,1.006,0.987,0.497,4.717,,,0.874,84.409,95.938,-11.529,,-10.768,,132.008,-0.045,420.279
Democratic Republic of the Congo,12.588,"5,176.789","2,328.281",,-14.736,-14.129,-9.633,-9.976,,,97.879,"8,935.147","10,622.252","-1,687.104",,"-1,380.054",,"12,123.749",-1.882,"12,659.440"
Republic of Congo,22.215,150.101,153.216,,-10.777,-15.089,-3.724,-3.724,,,4.568,"2,002.421","1,574.585",427.836,,602.333,,"6,148.236",0.442,"4,206.602"
Costa Rica,17.664,105.548,106.110,,-0.171,-0.171,2.688,2.949,12.417,,5.075,"5,164.236","7,706.813","-2,542.577","-2,510.574","-1,007.152",,"21,189.251",-1.475,"29,093.407"
Côte d'Ivoire,23.011,151.493,153.473,,-2.104,-2.104,10.346,10.346,,,26.275,"5,158.495","5,943.800",-785.305,,-264.305,,"13,004.223",-1.566,"35,453.639"
Croatia,22.802,102.275,102.900,,4.784,4.995,4.585,4.283,7.758,,4.068,190.117,188.543,1.573,2.558,9.616,,293.020,1.678,383.267
Cyprus,18.564,100.782,101.030,,1.527,-6.520,1.963,-16.080,7.075,0.416,0.876,9.048,8.667,0.381,0.094,0.906,10.841,20.958,-1.650,21.346
Czech Republic,26.919,108.350,109.400,,1.372,0.564,1.303,1.272,2.001,5.306,10.650,"2,381.229","2,365.855",15.374,-31.786,44.387,"1,050.917","1,738.728",-0.930,"5,266.744"
Denmark,22.678,102.533,102.800,,0.544,1.063,1.846,6.370,5.042,2.882,5.806,"1,238.247","1,150.133",88.114,1.771,81.100,241.290,680.307,27.103,"2,131.500"
Djibouti,27.860,108.455,109.657,,10.067,11.170,9.230,9.819,,,1.078,128.931,133.968,-5.037,,2.074,227.655,228.805,0.435,548.388
Dominica,23.606,105.899,106.181,,-1.468,-15.714,40.508,13.005,,,0.071,0.564,0.699,-0.135,,-0.098,,1.311,-0.160,1.205
Dominican Republic,26.005,131.907,134.380,,5.658,3.964,-0.757,-0.212,6.167,,10.358,656.779,756.938,-100.159,-182.375,25.092,"1,987.730","2,452.560",-1.205,"2,626.609"
Ecuador,24.955,105.486,105.215,,0.441,0.190,5.896,6.308,3.840,,17.268,35.914,39.319,-3.405,-3.839,-0.491,,55.678,-0.112,71.909
Egypt,18.104,99.992,101.922,,3.117,2.329,9.779,7.001,8.612,,99.333,"1,070.829","1,465.127",-394.298,-381.223,66.026,"3,957.577","4,459.921",-10.894,"3,857.500"
El Salvador,19.105,112.443,112.290,,0.923,4.189,2.679,1.716,6.733,,6.454,5.994,6.819,-0.825,-0.873,0.166,,18.754,-0.558,25.439
Equatorial Guinea,11.630,138.436,141.536,,-21.590,-22.154,-6.599,-7.858,,,1.360,"1,239.983","1,118.564",121.419,,178.812,"2,065.746","2,843.598",-0.695,"5,077.520"
Eritrea,4.033,511.314,527.589,,3.597,5.263,-14.113,-14.509,,,3.497,9.482,9.962,-0.480,,0.046,,56.571,0.240,34.145
Estonia,27.692,110.496,110.590,,3.730,2.594,6.231,6.210,4.448,0.671,1.325,10.849,10.960,-0.111,-0.290,-0.114,-0.580,2.360,0.832,24.789
Eswatini,11.316,331.508,337.600,,-7.755,-7.755,5.025,5.025,,,1.115,17.634,22.481,-4.847,,-3.644,21.551,25.322,0.194,42.311
Ethiopia,39.186,145.918,153.972,,-6.125,-3.202,0.531,-5.738,,,96.586,344.937,413.105,-68.168,,-54.642,"1,450.927","1,553.108",-4.934,"1,874.689"
Fiji,19.956,123.324,121.442,,,,,,4.500,,0.895,3.028,3.627,-0.599,,-0.205,5.665,5.722,-0.697,10.595
Finland,24.151,103.579,104.100,,2.445,-0.691,7.498,3.945,6.833,2.566,5.518,125.792,127.974,-2.182,-0.704,-1.825,58.846,141.955,-1.236,205.789
France,24.157,104.948,105.850,,2.538,2.538,1.902,2.169,8.467,27.175,64.822,"1,275.063","1,347.792",-72.729,-49.429,-39.715,"2,168.426","2,380.100",-18.117,"2,322.676"
Gabon,30.435,137.611,138.586,,7.619,7.619,20.347,20.347,,,2.080,"1,931.333","1,721.041",210.291,,435.187,,"6,169.566",-0.047,"5,749.112"
The Gambia,19.699,515.856,531.836,,10.315,5.832,19.866,5.168,,,2.349,19.238,21.552,-2.314,-8.799,0.529,,73.144,-0.096,61.673
Georgia,28.597,133.613,137.993,,12.607,-0.731,8.432,8.544,11.600,,3.724,13.349,14.257,-0.908,-0.540,-0.297,,21.321,-0.897,40.362
Germany,21.389,105.450,106.200,,2.570,2.473,0.978,0.577,3.133,42.229,83.093,"1,610.560","1,558.090",52.470,44.434,72.194,"1,419.250","2,053.033",273.171,"3,232.340"
Ghana,26.437,234.641,244.588,,3.069,0.921,5.718,5.718,,,30.168,48.012,73.666,-25.654,,-5.898,202.698,219.344,-1.835,164.560
Greece,12.542,121.476,119.765,,1.155,-0.201,4.298,0.560,17.325,3.911,10.725,87.661,86.600,1.061,6.827,6.566,,339.135,-4.400,194.387
Grenada,20.296,111.923,112.090,,2.803,2.803,0.781,2.384,,,0.109,0.872,0.709,0.163,0.162,0.223,,1.942,-0.193,2.542
Guatemala,14.517,140.253,141.800,,5.574,5.574,-0.197,-0.197,,,17.613,66.555,79.836,-13.282,-13.495,-3.592,,156.999,1.854,513.262
Guinea,15.074,"1,858.083","1,927.945",,-3.366,-2.912,18.160,15.673,,,13.627,"17,902.533","18,491.100",-588.567,,-11.437,,"43,711.441",-1.890,"67,381.154"
Guinea-Bissau,15.881,104.678,105.370,,19.198,24.850,14.609,7.419,,,1.776,130.113,168.972,-38.859,,-29.624,,570.325,-0.123,812.030
Guyana,14.208,118.619,119.514,,24.427,29.723,8.923,2.526,,,0.785,277.967,305.892,-27.925,-50.116,-19.414,429.243,429.243,-1.754,"1,044.093"
Haiti,29.928,117.308,127.500,,-6.711,-4.770,-11.335,10.793,,,11.263,88.998,105.681,-16.683,,-13.285,,349.211,-0.123,16.082
Honduras,22.291,331.083,336.551,,-2.113,-2.113,3.346,3.346,4.109,,9.770,158.727,158.184,0.544,,5.150,,247.787,-0.343,220.409
Hong Kong SAR,18.869,110.108,113.096,,-6.751,-7.342,-5.550,-4.624,2.955,3.848,7.521,567.299,611.447,-44.148,-174.822,-79.984,,7.850,22.602,"2,799.736"
Hungary,28.474,121.771,123.455,,6.930,7.395,6.043,4.478,3.418,,9.773,"20,587.567","21,545.618",-958.051,"-1,401.381",77.989,"27,759.668","31,040.376",-1.362,"40,897.163"
Iceland,20.026,165.948,167.650,,-10.160,-8.293,-4.927,-0.445,3.550,0.201,0.357,"1,213.300","1,242.802",-29.502,-90.950,26.070,823.401,"1,098.850",1.498,"1,517.358"
India,29.668,155.227,149.300,,-4.347,-6.015,-2.121,-4.523,,,"1,367.602","39,259.582","55,974.553","-16,714.971","-16,691.493","-6,783.820",,"147,146.504",-24.550,"145,659.500"
Indonesia,33.766,102.819,103.930,,-9.118,-9.118,-6.254,-6.254,5.280,,266.912,"2,240,904.413","2,593,848.213","-352,943.800","-344,873.173","-77,419.500","4,269,127.058","4,827,723.218",-30.415,"10,949,243.700"
Islamic Republic of Iran,39.804,202.844,222.823,,-30.388,-30.388,-37.744,-37.191,10.650,,83.269,"2,824,812.689","4,173,471.959","-1,348,659.269",,"-1,206,988.347","10,049,641.817","10,968,887.000",6.551,"6,137,335.910"
Iraq,,122.679,122.205,,,,,,,,39.115,"99,268.702","96,936.119","2,332.583",,"5,066.322",,"127,593.651",2.583,"211,793.678"
Ireland,44.933,101.642,102.200,,32.123,9.048,10.591,8.194,4.958,2.322,4.950,87.453,86.114,1.339,-0.650,5.657,176.491,204.044,-45.237,347.338
Israel,21.357,100.850,100.800,,4.108,2.345,4.020,2.096,3.800,3.967,9.051,496.151,551.154,-55.003,-57.484,-24.838,804.660,843.750,13.411,"1,342.973"
Italy,17.967,103.175,103.800,,-0.391,-0.769,1.172,0.651,9.900,23.360,60.360,841.441,870.742,-29.301,-22.545,28.132,"2,199.561","2,409.841",59.216,"1,723.515"
Jamaica,24.937,100.000,103.632,,10.560,8.555,6.965,-14.957,7.700,,2.726,649.759,630.354,19.405,,150.892,,"1,999.329",-0.319,780.863
Japan,24.562,101.817,102.049,-0.015,-0.702,-0.702,-1.611,-1.611,2.358,67.243,126.190,"190,410.320","208,690.721","-18,280.401","-16,855.957","-16,888.213","857,627.901","1,317,698.501",184.287,"535,936.700"
Jordan,16.739,100.678,101.431,,1.566,2.573,12.426,17.654,19.075,,10.070,7.677,9.565,-1.888,-0.999,-0.761,24.420,24.651,-1.005,30.050
Kazakhstan,26.757,428.170,439.760,,9.109,13.702,2.423,1.332,4.779,,18.632,"13,683.286","14,079.304",-396.018,-850.840,-531.744,"-9,670.467","13,867.398",-6.497,"20,761.814"
Kenya,14.437,373.139,365.888,,-2.023,6.461,-0.218,-0.902,,,47.600,"1,722.105","2,475.446",-753.341,,-382.188,"5,572.353","6,048.639",-5.552,"5,049.310"
Kiribati,,125.451,125.920,,-7.156,-7.156,-8.162,-11.534,,,0.117,0.354,0.312,0.042,,0.043,,0.051,0.062,0.197
Korea,31.348,104.853,105.120,,-0.635,-0.750,1.718,0.546,3.783,27.123,51.709,"441,148.000","433,993.000","7,155.000","11,988.129","-1,280.543","220,308.956","804,547.189",59.971,"1,848,958.400"
Kosovo,,105.303,104.621,,-3.330,-3.602,0.215,-2.025,25.700,,1.800,1.905,2.103,-0.198,,-0.179,,1.248,-0.439,6.831
Kuwait,22.085,183.962,190.491,,-0.489,-0.489,-1.999,-1.999,,,4.750,23.758,21.558,2.199,,-3.188,,4.811,12.788,39.431
Kyrgyz Republic,27.675,155.680,159.398,,-3.203,-4.935,16.853,6.272,6.605,,6.389,200.880,201.701,-0.821,-4.970,4.638,,319.475,-0.476,186.391
Lao P.D.R.,,107.688,110.709,,-3.883,-5.502,13.966,13.561,,,7.163,"25,131.675","33,335.802","-8,204.127",,"-6,038.064",,"102,463.344",-1.227,"130,089.701"
Latvia,22.040,108.530,108.480,,2.306,2.306,1.929,1.929,6.311,0.910,1.920,11.414,11.531,-0.117,-0.193,0.146,8.626,11.202,-0.182,27.497
Lebanon,,124.164,134.628,,-3.673,-2.294,-3.217,23.901,,,6.856,"16,674.020","24,986.020","-8,312.000","-12,727.019",-244.209,"133,976.000","138,150.000",-14.416,"59,734.562"
Lesotho,34.005,115.088,116.749,,7.200,8.100,2.296,2.352,,,2.048,16.637,18.646,-2.009,,-1.538,-0.638,16.679,-0.203,23.984
Liberia,,732.129,776.619,,-9.434,-11.431,-1.561,-0.383,,,4.578,0.892,1.037,-0.144,,-0.111,1.682,1.692,-0.684,3.182
Libya,40.424,315.984,339.225,,6.033,6.522,-12.937,-12.987,,,6.578,57.366,56.156,1.210,,1.210,,,-0.119,26.587
Lithuania,16.684,109.466,110.620,,6.034,,9.559,,6.254,1.378,2.783,16.647,16.518,0.129,0.121,0.518,15.249,18.242,2.313,42.981
Luxembourg,17.427,105.927,106.830,,0.912,1.773,0.836,-0.939,5.401,0.465,0.614,28.441,27.079,1.363,1.177,1.262,-5.044,14.009,3.186,51.983
Macao SAR,14.187,149.823,151.535,,,,,,1.725,0.387,0.680,148.746,82.130,66.615,,,,0.000,18.744,423.718
Madagascar,19.847,124.558,126.700,,1.836,3.406,14.754,6.494,,,26.889,"7,114.689","7,839.790",-725.101,,-369.101,,"19,636.068",-0.323,"22,245.061"
Malawi,12.460,119.457,122.560,,3.571,3.571,19.792,19.792,,,20.289,"1,242.067","1,583.138",-341.071,,-90.223,,"3,400.222",-1.314,"1,468.768"
Malaysia,21.043,121.483,122.300,,-2.289,-3.494,-0.265,-1.715,3.275,,32.581,304.818,360.630,-55.812,-49.454,-25.601,,864.759,12.275,"1,421.454"
Maldives,20.000,193.859,238.952,,1.204,0.810,-0.952,3.711,,,0.372,24.124,29.801,-5.677,,-4.593,,69.273,-1.498,75.044
Mali,19.068,142.563,139.225,,7.760,9.254,-6.374,-5.530,,,19.095,"2,173.300","2,343.800",-170.500,,-66.400,"3,482.786","4,107.160",-0.727,"5,429.938"
Malta,22.343,105.538,103.440,,7.865,7.865,6.129,6.129,3.633,0.253,0.494,5.045,4.974,0.071,0.030,0.252,4.161,5.700,1.440,12.380
Marshall Islands,,149.451,151.730,,,,22.333,,,,0.055,0.157,0.157,0.001,,0.001,,0.054,0.019,0.212
Mauritania,44.654,175.026,175.438,,1.003,1.003,12.134,12.134,,,4.058,59.313,51.634,7.679,,10.319,159.310,162.068,-0.805,238.255
Mauritius,19.835,103.700,103.300,,1.384,1.220,-6.126,-4.576,6.700,,1.267,101.700,149.783,-48.083,-47.286,-34.530,,387.191,-0.762,369.061
Mexico,21.353,103.899,105.934,,-0.936,-0.802,1.438,1.170,3.493,,127.576,"5,837.068","6,406.325",-569.257,-656.231,305.764,"10,889.883","13,027.458",-4.351,"18,465.007"
Micronesia,,131.978,132.029,,,,,,,,0.102,0.332,0.264,0.068,,0.069,,0.070,0.066,0.254
Moldova,26.305,"55,676.468","25,780.035",,4.959,4.959,10.807,10.807,5.120,,2.682,62.949,65.972,-3.023,,-1.382,,59.623,-1.058,13.316
Mongolia,35.917,120.408,122.000,,9.305,8.607,12.790,12.590,10.000,,3.297,"12,040.239","11,698.415",341.824,,"1,239.519",,,-2.162,"19,039.610"
Montenegro,31.131,307.860,279.787,,2.112,0.947,7.322,7.323,,,0.623,2.090,2.208,-0.118,,-0.008,,3.894,-0.833,3.085
Morocco,32.164,101.817,102.446,,2.899,4.661,4.581,3.208,9.200,,35.587,295.219,342.281,-47.062,-46.649,-17.685,746.810,750.120,-4.920,"1,001.090"
Mozambique,42.253,122.948,125.270,,-6.607,12.518,-2.128,-5.958,,,31.157,285.759,287.190,-1.431,,29.746,,998.675,-3.092,675.559
Myanmar,32.361,152.411,159.854,,-10.287,-14.512,-3.607,-6.784,,,52.832,"17,209.162","21,321.136","-4,111.974",,"-2,562.466",,"40,790.573",-1.757,"88,938.182"
Namibia,12.989,137.586,138.535,,-8.475,-9.171,-8.772,-7.698,,,2.459,58.326,68.863,-10.536,,-3.376,89.964,97.850,-0.284,51.473
Nauru,,128.471,130.595,,,,,,,,0.013,0.240,0.206,0.034,,,,0.103,0.012,0.087
Nepal,62.268,125.145,128.550,,,,,,,,28.455,901.171,"1,059.195",-158.025,,-138.609,,"1,041.680",-2.369,950.033
Netherlands,21.283,105.783,106.940,,3.250,4.178,2.706,2.147,3.390,8.953,17.231,355.958,342.486,13.471,8.051,18.585,337.528,392.029,90.238,755.248
New Zealand,23.782,148.368,147.083,,2.162,0.648,2.259,2.760,4.075,2.637,4.925,115.258,124.428,-9.170,-7.539,-6.911,28.081,98.180,-6.963,256.880
Nicaragua,17.135,226.302,232.586,,-7.394,-6.724,-0.858,0.252,6.127,,6.528,112.449,114.318,-1.869,,3.338,,174.754,0.756,171.846
Niger,30.244,101.500,101.200,,7.876,8.134,2.391,-1.920,,,23.311,"1,362.495","1,631.773",-269.278,,-194.544,"2,864.012","3,156.602",-1.625,"7,216.840"
Nigeria,26.207,291.386,307.470,,44.916,60.125,17.198,17.473,,,200.964,"11,451.839","18,379.219","-6,927.380",,"-4,485.040","37,024.111","42,441.977",-17.016,"72,094.095"
North Macedonia,,113.396,113.320,,8.958,13.965,8.315,12.812,17.250,,2.079,203.911,217.542,-13.631,,-5.519,275.937,280.179,-0.351,468.030
Norway,28.980,120.270,111.300,,5.203,5.272,1.452,0.057,3.728,2.725,5.357,"2,079.280","1,803.205",276.075,-247.257,200.900,"-3,743.720","1,464.111",16.523,"3,376.421"
Oman,23.251,159.279,153.906,,-10.268,-11.603,-1.656,-2.041,,,4.194,10.895,12.968,-2.073,,-1.633,12.180,18.507,-3.476,28.850
Pakistan,15.611,117.177,121.630,,-10.961,-8.547,-5.394,-6.229,4.080,,204.729,"4,933.723","8,345.238","-3,411.515",,"-1,320.389","29,300.235","32,487.393",-13.434,"12,580.174"
Palau,30.346,102.958,102.935,,6.286,11.739,-12.256,-17.991,,,0.017,0.122,0.121,0.001,,,,,-0.075,0.283
Panama,40.415,104.855,104.599,,-8.065,-9.868,-1.362,-4.223,7.070,,4.219,12.285,14.385,-2.099,-2.639,-0.994,18.877,27.413,-3.500,43.061
Papua New Guinea,,723.278,730.213,,36.441,51.717,10.639,11.295,,,8.601,13.681,17.852,-4.172,,-2.043,,33.667,5.496,66.511
Paraguay,24.273,104.667,106.100,,-4.511,-5.010,-4.139,-4.480,6.086,,7.153,"45,379.547","54,383.879","-9,004.333","-10,316.521","-6,030.052","53,647.781","60,989.237",-0.375,"209,565.051"
Peru,21.438,131.768,132.699,,-0.233,-0.233,0.591,0.591,6.600,,33.162,153.458,163.973,-10.515,-5.164,-1.401,86.267,208.833,-3.140,546.722
Philippines,26.190,120.167,121.900,,-1.855,-3.351,8.138,6.367,5.075,,107.290,"3,884.468","4,232.018",-347.550,-343.204,-35.100,,"7,215.072",-0.464,"19,368.512"
Poland,19.576,176.529,176.749,,2.668,2.668,4.672,4.672,3.279,,37.973,938.668,955.497,-16.829,-38.098,14.545,897.331,"1,045.129",2.433,"1,990.685"
Portugal,18.910,103.705,103.400,,5.358,4.647,3.847,3.672,6.463,4.980,10.276,91.008,90.604,0.404,1.019,6.489,236.466,249.980,-0.202,202.410
Puerto Rico,8.857,119.525,119.300,,,,,,8.300,0.987,3.168,22.482,25.153,-2.671,,-0.422,,58.040,,9.625
Qatar,,108.100,,,2.080,-4.460,0.314,-0.554,,,2.795,239.956,208.418,31.538,,41.295,,359.592,4.229,672.510
Romania,22.930,123.816,125.367,,8.020,4.717,4.577,0.832,3.912,,19.405,305.947,354.247,-48.300,-52.286,-36.648,302.339,389.595,-11.401,869.477
Russia,23.106,119.284,116.077,,2.941,3.025,-3.193,-3.000,4.600,,146.749,"39,110.301","36,995.283","2,115.018","2,183.827","2,411.081",,"15,312.842",65.337,"90,589.900"
Rwanda,26.107,118.673,122.739,,14.127,14.127,10.500,6.297,,,12.400,"2,152.813","2,625.601",-472.788,,-353.322,,"4,676.376",-0.935,"9,139.000"
Samoa,,117.251,118.344,,,,,,,,0.201,0.755,0.694,0.060,,,,1.059,0.019,2.043
San Marino,21.385,112.476,112.850,,,,,,7.660,,0.034,0.310,0.345,-0.035,,-0.030,,1.227,0.012,1.223
São Tomé and Príncipe,18.146,129.178,133.981,,1.949,2.185,7.006,36.845,,,0.213,2.081,2.243,-0.162,,-0.128,,6.745,-0.053,4.256
Saudi Arabia,27.808,105.061,98.734,,-1.320,3.693,-4.524,-7.706,5.625,,34.082,926.600,"1,059.000",-132.400,,-133.400,148.446,677.695,46.949,"2,639.811"
Senegal,31.681,104.753,105.781,,3.360,3.282,4.653,6.884,,,16.308,"2,789.071","3,317.432",-528.361,-392.680,-265.938,,"8,848.447",-1.812,"13,301.110"
Serbia,23.563,196.909,195.137,,11.393,9.834,10.324,8.535,10.909,,6.964,"2,278.528","2,278.775",-0.247,-24.072,108.689,"2,647.202","2,858.868",-3.539,"3,893.858"
Seychelles,26.216,111.835,112.166,,0.773,-2.266,7.060,-1.879,3.000,,0.096,8.435,8.230,0.205,,0.748,10.172,12.815,-0.275,9.492
Sierra Leone,15.648,269.751,281.200,,9.849,6.567,32.525,17.522,,,7.815,"6,666.329","7,707.632","-1,041.303",,-55.713,,"26,611.507",-0.569,"10,218.115"
Singapore,24.859,100.000,100.445,,-1.703,-1.881,-1.559,-1.985,2.250,3.753,5.704,91.775,72.392,19.383,5.872,,,656.258,63.138,475.280
Slovak Republic,23.286,106.330,107.470,,2.553,2.475,1.723,1.746,5.758,2.450,5.450,39.085,40.304,-1.220,-1.664,-0.227,,45.202,-3.030,89.295
Slovenia,20.728,104.818,105.630,,4.214,4.618,4.397,4.441,4.600,1.045,2.068,21.228,20.967,0.260,0.165,0.974,20.680,31.747,3.048,42.805
Solomon Islands,13.054,197.350,200.595,,3.309,-3.572,-14.890,-15.747,,,0.641,4.204,4.420,-0.216,,-0.162,-0.276,1.158,-0.154,11.094
Somalia,,,114.640,,,,,,,,,0.338,,,,,,,-0.518,4.548
South Africa,17.589,112.200,114.457,,-0.486,-0.143,-2.511,-2.351,28.700,,58.775,"1,475.801","1,793.353",-317.552,-243.346,-115.054,"2,850.658","3,155.816",-10.599,"3,149.337"
South Sudan,17.224,"9,456.849","8,198.962",,,,,,,,13.378,303.872,301.194,2.678,,11.443,,510.239,0.042,16.571
Spain,20.849,104.389,105.228,,1.229,-0.101,2.561,1.019,14.105,19.779,46.486,486.754,521.949,-35.195,-38.704,-9.416,"1,012.882","1,188.862",27.489,"1,192.353"
Sri Lanka,27.388,129.467,132.400,,-8.546,-8.546,-2.264,-2.264,4.800,,21.803,"1,898.808","3,127.291","-1,228.483",,-327.130,,"13,031.116",-1.808,"9,889.379"
St. Kitts and Nevis,30.000,106.046,107.158,,7.113,9.463,10.980,7.577,,,0.057,1.118,1.147,-0.029,,0.006,,1.618,-0.022,2.129
St. Lucia,21.348,117.491,118.882,,-2.761,-6.041,1.263,-8.824,,,0.180,1.230,1.428,-0.198,,-0.027,,3.514,0.112,5.674
St. Vincent and the Grenadines,18.745,111.433,111.300,,0.662,-0.861,6.105,7.234,,,0.110,0.662,0.715,-0.053,,-0.008,1.619,1.674,-0.082,1.824
Sudan,,"1,930.972","2,339.210",,16.862,16.862,7.954,7.954,22.100,,43.222,159.240,378.827,-219.587,,-216.025,,"4,066.580",-5.040,20.834
Suriname,,140.633,143.400,,16.154,14.843,-2.874,-2.237,8.953,,0.597,7.051,9.913,-2.861,-2.978,-1.787,,22.693,-0.410,9.740
Sweden,25.235,106.842,107.332,,1.946,-0.987,3.835,2.289,6.767,5.126,10.328,"2,447.844","2,427.579",20.265,-26.394,14.590,161.532,"1,748.732",22.308,"5,021.285"
Switzerland,22.376,102.028,102.060,,-0.932,-1.837,0.681,1.503,2.306,5.093,8.545,239.157,228.830,10.327,9.013,11.324,149.475,295.152,81.183,712.703
Syria,,,,,,,,,,,,,,,,,,,,
Taiwan Province of China,23.301,103.123,102.312,,2.229,2.567,1.331,0.366,3.800,11.501,23.603,"2,931.855","3,267.259",-335.405,-344.956,,"5,833.506","6,189.120",65.141,"19,139.231"
Tajikistan,20.522,"1,527.949","1,085.026",,10.010,9.891,10.034,13.138,,,9.292,21.180,22.804,-1.624,,-0.961,,33.330,-0.185,0.297
Tanzania,39.655,355.830,354.360,,4.688,4.688,8.003,8.003,,,56.322,"20,520.056","22,920.917","-2,400.861",,-46.771,,"53,467.807",-1.390,"123,175.839"
Thailand,23.950,102.648,102.620,,-3.155,-5.564,-1.047,-3.549,1.000,,69.626,"3,530.927","3,668.002",-137.075,-117.801,-46.513,,"6,901.802",38.358,"10,925.078"
Timor-Leste,31.928,100.842,100.700,,,,,,,,1.293,0.914,1.433,-0.519,,-0.517,,0.185,0.133,1.627
Togo,26.290,104.102,103.538,,3.986,4.491,3.814,5.535,,,8.084,746.916,678.661,68.255,,154.116,,"2,266.356",-0.233,"2,434.718"
Tonga,,99.786,99.800,,2.258,0.760,-5.681,-0.298,,,0.100,0.485,0.448,0.037,,0.045,,0.481,-0.025,1.028
Trinidad and Tobago,,124.672,123.269,,-11.664,-6.594,-15.585,-16.747,,,1.395,42.622,48.617,-5.995,,-2.057,-2.387,73.261,1.168,156.007
Tunisia,16.384,124.977,128.342,,-8.566,-8.566,-5.056,-5.056,14.889,,11.783,31.885,36.315,-4.431,-4.505,-1.239,,82.350,-3.284,73.729
Turkey,24.799,418.236,440.500,,-4.227,-5.018,8.241,6.625,13.709,,83.155,"1,275.658","1,519.668",-244.010,-245.139,-166.839,"1,148.506","1,425.075",8.895,"1,772.232"
Turkmenistan,,504.130,481.163,,-4.928,-4.928,9.198,9.536,,,5.856,20.922,21.470,-0.548,,,,51.899,2.296,120.601
Tuvalu,,162.900,164.937,,,,,,,,0.011,0.080,0.086,-0.006,,-0.007,,0.013,0.006,0.045
Uganda,26.584,177.271,180.150,,6.369,17.687,2.995,2.995,,,39.823,"18,846.773","25,765.284","-6,918.512",,"-3,967.976",,"52,737.158",-2.367,"126,704.000"
Ukraine,12.595,"87,857,948.112","88,625,805.750",,7.152,7.152,6.995,6.995,8.500,,41.733,"1,566.282","1,647.447",-81.165,-71.773,39.612,,"1,989.484",-4.208,"2,609.147"
United Arab Emirates,23.833,278.230,276.405,,-2.452,-2.926,-0.136,-0.976,,,10.749,460.813,472.616,-11.803,,-5.389,,421.801,35.372,"1,486.261"
United Kingdom,17.327,107.819,108.292,,4.627,2.055,5.017,4.978,3.825,32.799,66.797,806.851,855.711,-48.860,-48.639,-18.224,"1,671.235","1,891.789",-113.451,"2,090.632"
United States,21.014,255.651,258.220,2.320,1.080,0.483,-0.118,-0.104,3.667,157.529,328.461,"6,298.418","7,659.277","-1,360.859","-1,453.514",-887.120,"18,014.549","23,293.464",-480.225,"19,091.650"
Uruguay,16.161,197.460,203.020,,-2.336,-4.593,-4.997,-1.390,8.925,,3.519,611.030,670.390,-59.360,-74.069,-10.914,"1,106.821","1,302.356",0.350,712.163
Uzbekistan,39.804,"5,897.814","6,326.649",,24.881,26.236,23.920,26.126,,,33.256,"143,126.070","144,443.310","-1,317.240",,"-1,661.495",,"150,049.525",-3.228,"259,294.012"
Vanuatu,30.973,159.000,161.000,,,,,,,,0.293,45.713,40.766,4.947,,5.952,,48.398,0.122,70.602
Venezuela,,"3,654,129,639.975","10,711,919,274.400",,-32.644,-33.140,-28.869,-31.898,,,27.817,"15,616.769","29,364.241","-13,747.472",,"-13,707.939",,"320,039.192",5.352,--
Vietnam,26.626,273.311,282.198,,4.776,5.094,5.503,5.272,2.210,,96.462,"1,495,841.414","1,747,987.000","-252,145.586","-282,032.435","-144,161.586",,"3,319,306.506",11.261,"4,833,253.118"
West Bank and Gaza,27.063,101.556,101.350,,1.352,1.263,1.749,-0.762,25.350,,4.977,13.802,16.537,-2.735,,,,21.051,-1.834,61.250
Yemen,6.468,"1,205.167","1,210.093",,29.194,34.280,30.289,30.832,,,31.648,"1,074.417","1,745.000",-670.583,,-639.583,"9,560.449","9,647.195",-0.888,232.363
Zambia,42.763,229.951,242.471,,-25.856,-25.856,-12.488,-12.488,,,18.321,61.412,86.765,-25.353,,-4.371,238.096,286.126,0.146,141.702
Zimbabwe,,232.807,534.489,,,24.910,,5.966,,,14.905,23.419,26.047,-2.628,,-1.959,,17.224,0.208,18.559
